{
    "camera": {
        "fieldOfView": 22.27373589884055,
        "from": [
            -9.556991577148438,
            -3.7550582885742188,
            4.470990180969238
        ],
        "to": [
            -8.67327880859375,
            -3.4142043590545654,
            4.150256156921387
        ],
        "up": [
            0.2992459833621979,
            0.11542150378227234,
            0.947169303894043
        ]
    },
    "output": {
        "resolution": [
            1920,
            1080
        ]
    },
    "surface": [
        "assign_with_texture.obj"
    ],
    "directionalLights": [
        {
            "direction": [
                -0.18030914664268494,
                -0.7855902910232544,
                0.5918923616409302
            ],
            "radiance": [
                5.0,
                4.187272071838379,
                4.150672435760498
            ]
        }
    ],
    "pointLights": [
        {
            "location": [
                -2.3286733627319336,
                0.831472635269165,
                1.0267446041107178
            ],
            "radiance": [
                5.3098861837907,
                0.0,
                20.91739787026691
            ]
        }
    ]
}